{
  "project_info": {
    "project_number": "150067895404",
    "project_id": "talkliner-e73fe",
    "storage_bucket": "talkliner-e73fe.firebasestorage.app"
  },
  "client": [
    {
      "client_info": {
        "mobilesdk_app_id": "1:150067895404:android:7c1d1a6c0be9eb64518c49",
        "android_client_info": {
          "package_name": "com.steigenberg.talkliner"
        }
      },
      "oauth_client": [],
      "api_key": [
        {
          "current_key": "AIzaSyC4fHO8j_ywjg_XPPyc0ziWcMxxZ7bDgbw"
        }
      ],
      "services": {
        "appinvite_service": {
          "other_platform_oauth_client": []
        }
      }
    }
  ],
  "configuration_version": "1"
}