{"flutter":{"platforms":{"android":{"default":{"projectId":"talkliner-e73fe","appId":"1:150067895404:android:7c1d1a6c0be9eb64518c49","fileOutput":"android/app/google-services.json"}},"ios":{"default":{"projectId":"talkliner-e73fe","appId":"1:150067895404:ios:5917ce9ccdafd5be518c49","uploadDebugSymbols":false,"fileOutput":"ios/Runner/GoogleService-Info.plist"}},"dart":{"lib/firebase_options.dart":{"projectId":"talkliner-e73fe","configurations":{"android":"1:150067895404:android:7c1d1a6c0be9eb64518c49","ios":"1:150067895404:ios:5917ce9ccdafd5be518c49"}}}}}}